{"timestamp": "2433266179", "x": 0.172389, "y": -0.593783, "z": -9.821366}
{"timestamp": "2433579853", "x": 0.229852, "y": -0.579417, "z": -9.859674}
{"timestamp": "2433873847", "x": 0.181966, "y": -0.598572, "z": -9.90756}
{"timestamp": "2434183850", "x": 0.210697, "y": -0.574629, "z": -9.859674}
{"timestamp": "2434390849", "x": 0.205909, "y": -0.579417, "z": -9.821366}
{"timestamp": "2434689849", "x": 0.210697, "y": -0.507589, "z": -9.826155}
{"timestamp": "2434999855", "x": 0.191543, "y": -0.579417, "z": -9.802212}
{"timestamp": "2435209854", "x": 0.177177, "y": -0.56984, "z": -9.850098}
{"timestamp": "2435512855", "x": 0.220274, "y": -0.588995, "z": -9.864463}
{"timestamp": "2435714854", "x": 0.244217, "y": -0.531532, "z": -9.830943}
{"timestamp": "2436022855", "x": 0.229852, "y": -0.545897, "z": -9.845308}
{"timestamp": "2436220855", "x": 0.282526, "y": -0.579417, "z": -9.826155}
{"timestamp": "2436537851", "x": 0.220274, "y": -0.5028, "z": -9.869251}
{"timestamp": "2436833851", "x": 0.215486, "y": -0.498012, "z": -9.859674}
{"timestamp": "2437150851", "x": 0.186754, "y": -0.588995, "z": -9.897983}
{"timestamp": "2437459855", "x": 0.153234, "y": -0.622515, "z": -10.046429}
{"timestamp": "2437662854", "x": 0.215486, "y": -0.560263, "z": -9.720806}
{"timestamp": "2437888847", "x": 0.210697, "y": -0.617726, "z": -9.835732}
{"timestamp": "2438099850", "x": 0.244217, "y": -0.550686, "z": -9.874041}
{"timestamp": "2438315849", "x": 0.229852, "y": -0.608149, "z": -9.816577}
{"timestamp": "2438533841", "x": 0.23464, "y": -0.593783, "z": -9.768692}
{"timestamp": "2438735849", "x": 0.225063, "y": -0.550686, "z": -9.9746}
{"timestamp": "2438961853", "x": 0.258583, "y": -0.550686, "z": -9.84052}
{"timestamp": "2439175855", "x": 0.26816, "y": -0.60336, "z": -9.874041}
{"timestamp": "2439406672", "x": 0.186754, "y": -0.560263, "z": -9.859674}
{"timestamp": "2439717850", "x": 0.196332, "y": -0.651246, "z": -9.787846}
{"timestamp": "2440022847", "x": 0.229852, "y": -0.588995, "z": -9.859674}
{"timestamp": "2440327851", "x": 0.225063, "y": -0.593783, "z": -9.897983}
{"timestamp": "2440636855", "x": 0.287314, "y": -0.641669, "z": -9.850098}
{"timestamp": "2440846855", "x": 0.215486, "y": -0.550686, "z": -9.816577}
{"timestamp": "2441143855", "x": 0.292103, "y": -0.608149, "z": -9.797423}
{"timestamp": "2441354854", "x": 0.225063, "y": -0.579417, "z": -9.826155}
{"timestamp": "2441571850", "x": 0.253794, "y": -0.574629, "z": -9.878829}
{"timestamp": "2441802849", "x": 0.253794, "y": -0.574629, "z": -9.912349}
{"timestamp": "2442081854", "x": 0.272949, "y": -0.694343, "z": -9.854886}
{"timestamp": "2442323855", "x": 0.220274, "y": -0.555475, "z": -9.921926}
{"timestamp": "2442550844", "x": 0.272949, "y": -0.584206, "z": -9.90756}
{"timestamp": "2442771852", "x": 0.196332, "y": -0.584206, "z": -9.84052}
{"timestamp": "2442986850", "x": 0.253794, "y": -0.598572, "z": -9.921926}
{"timestamp": "2443278852", "x": 0.239429, "y": -0.550686, "z": -9.878829}
{"timestamp": "2443615853", "x": 0.277737, "y": -0.598572, "z": -9.835732}
{"timestamp": "2443902850", "x": 0.253794, "y": -0.598572, "z": -9.917137}
{"timestamp": "2444213850", "x": 0.23464, "y": -0.660823, "z": -9.802212}
{"timestamp": "2444421850", "x": 0.330412, "y": -0.622515, "z": -9.869251}
{"timestamp": "2444727843", "x": 0.26816, "y": -0.598572, "z": -9.854886}
{"timestamp": "2444961849", "x": 0.26816, "y": -0.555475, "z": -9.768692}
{"timestamp": "2445168847", "x": 0.210697, "y": -0.660823, "z": -9.845308}
{"timestamp": "2445444844", "x": 0.249006, "y": -0.608149, "z": -9.869251}
{"timestamp": "2445650850", "x": 0.26816, "y": -0.565052, "z": -9.90756}
{"timestamp": "2445958843", "x": 0.249006, "y": -0.483646, "z": -9.787846}
{"timestamp": "2446263851", "x": 0.272949, "y": -0.665612, "z": -9.783057}
{"timestamp": "2446481849", "x": 0.26816, "y": -0.53632, "z": -9.850098}
{"timestamp": "2446764852", "x": 0.263372, "y": -0.617726, "z": -9.874041}
{"timestamp": "2447075855", "x": 0.229852, "y": -0.622515, "z": -9.897983}
{"timestamp": "2447378851", "x": 0.30168, "y": -0.560263, "z": -9.94108}
{"timestamp": "2447688851", "x": 0.292103, "y": -0.541109, "z": -9.811789}
{"timestamp": "2447996850", "x": 0.210697, "y": -0.56984, "z": -9.874041}
{"timestamp": "2448319855", "x": 0.181966, "y": -0.584206, "z": -9.955446}
{"timestamp": "2448535855", "x": 0.177177, "y": -0.555475, "z": -9.893194}
{"timestamp": "2448742849", "x": 0.253794, "y": -0.60336, "z": -9.802212}
{"timestamp": "2448947850", "x": 0.225063, "y": -0.593783, "z": -9.826155}
{"timestamp": "2449152849", "x": 0.244217, "y": -0.541109, "z": -9.874041}
{"timestamp": "2449361855", "x": 0.210697, "y": -0.53632, "z": -9.802212}
{"timestamp": "2449634849", "x": 0.20112, "y": -0.574629, "z": -9.874041}
{"timestamp": "2449838855", "x": 0.23464, "y": -0.545897, "z": -9.854886}
{"timestamp": "2450169842", "x": 0.191543, "y": -0.588995, "z": -9.888406}
{"timestamp": "2450455852", "x": 0.263372, "y": -0.641669, "z": -9.883617}
{"timestamp": "2450652850", "x": 0.244217, "y": -0.541109, "z": -9.77348}
{"timestamp": "2450860853", "x": 0.26816, "y": -0.565052, "z": -9.711228}
{"timestamp": "2451063854", "x": 0.26816, "y": -0.574629, "z": -9.979389}
{"timestamp": "2451373850", "x": 0.20112, "y": -0.521955, "z": -9.912349}
{"timestamp": "2451584855", "x": 0.196332, "y": -0.627303, "z": -9.716018}
{"timestamp": "2451878851", "x": 0.320834, "y": -0.430972, "z": -9.634611}
{"timestamp": "2452198851", "x": 0.249006, "y": -0.550686, "z": -9.783057}
{"timestamp": "2452418847", "x": 0.249006, "y": -0.598572, "z": -9.864463}
{"timestamp": "2452704863", "x": 0.229852, "y": -0.584206, "z": -9.869251}
{"timestamp": "2453007849", "x": 0.215486, "y": -0.593783, "z": -9.950658}
{"timestamp": "2453219849", "x": 0.282526, "y": -0.565052, "z": -9.816577}
{"timestamp": "2453525854", "x": 0.162812, "y": -0.560263, "z": -9.945868}
{"timestamp": "2453856855", "x": 0.263372, "y": -0.565052, "z": -9.902772}
{"timestamp": "2454065855", "x": 0.229852, "y": -0.53632, "z": -9.854886}
{"timestamp": "2454360855", "x": 0.220274, "y": -0.593783, "z": -9.826155}
{"timestamp": "2454589855", "x": 0.253794, "y": -0.531532, "z": -9.811789}
{"timestamp": "2454791855", "x": 0.220274, "y": -0.612938, "z": -9.845308}
{"timestamp": "2454996850", "x": 0.244217, "y": -0.526743, "z": -9.917137}
{"timestamp": "2455267855", "x": 0.263372, "y": -0.531532, "z": -9.835732}
{"timestamp": "2455567855", "x": 0.26816, "y": -0.53632, "z": -9.783057}
{"timestamp": "2455775854", "x": 0.3352, "y": -0.588995, "z": -9.807}
{"timestamp": "2456087853", "x": 0.244217, "y": -0.622515, "z": -9.874041}
{"timestamp": "2456288855", "x": 0.26816, "y": -0.617726, "z": -9.878829}
{"timestamp": "2456534854", "x": 0.277737, "y": -0.588995, "z": -9.878829}
{"timestamp": "2456748849", "x": 0.263372, "y": -0.555475, "z": -9.859674}
{"timestamp": "2457011855", "x": 0.272949, "y": -0.627303, "z": -9.826155}
{"timestamp": "2457312855", "x": 0.253794, "y": -0.612938, "z": -9.869251}
{"timestamp": "2457614850", "x": 0.296892, "y": -0.593783, "z": -9.826155}
{"timestamp": "2457827852", "x": 0.225063, "y": -0.584206, "z": -9.835732}
{"timestamp": "2458144850", "x": 0.253794, "y": -0.545897, "z": -9.830943}
{"timestamp": "2458359842", "x": 0.23464, "y": -0.56984, "z": -9.850098}
{"timestamp": "2458649849", "x": 0.186754, "y": -0.588995, "z": -9.859674}
{"timestamp": "2458977855", "x": 0.220274, "y": -0.56984, "z": -9.902772}
{"timestamp": "2459260855", "x": 0.263372, "y": -0.56984, "z": -9.826155}
{"timestamp": "2459565852", "x": 0.320834, "y": -0.541109, "z": -9.864463}
{"timestamp": "2459870851", "x": 0.215486, "y": -0.555475, "z": -9.850098}
{"timestamp": "2460186843", "x": 0.249006, "y": -0.555475, "z": -9.850098}
{"timestamp": "2460488855", "x": 0.253794, "y": -0.550686, "z": -9.878829}
{"timestamp": "2460793852", "x": 0.26816, "y": -0.545897, "z": -9.859674}
{"timestamp": "2461103851", "x": 0.229852, "y": -0.608149,